# 110DBManager by 110mb.com
# Database exported by 110DBManager on: March 30, 2007, 2:05am

DROP TABLE IF EXISTS `angry_upgrade`;

CREATE TABLE `angry_upgrade` (
  `item` varchar(30) default NULL,
  `count` int(11) default NULL
) ENGINE=MyISAM DEFAULT CHARSET=latin1;

INSERT INTO `angry_upgrade` VALUES ('A bit put-out Bow','1');

DROP TABLE IF EXISTS `armor_break`;

CREATE TABLE `armor_break` (
  `item` varchar(50) default NULL,
  `count` int(11) default NULL,
  `breaks` int(11) default NULL
) ENGINE=MyISAM DEFAULT CHARSET=latin1;

INSERT INTO `armor_break` VALUES ('F.L.A. T-Shirt','46','0'),('Front 242 T-Shirt','11','0'),('Leather Gorget','1','0'),('Bascinet','3','0'),('Bronze Greave','1','0'),('Bronze Vambrace','1','0'),('Gauntlet','1','0'),('Leather Greave','2','0');

DROP TABLE IF EXISTS `beanstalk`;

CREATE TABLE `beanstalk` (
  `beanstalks` int(11) default NULL,
  `total` int(11) default NULL
) ENGINE=MyISAM DEFAULT CHARSET=latin1;

INSERT INTO `beanstalk` VALUES ('8','216');

DROP TABLE IF EXISTS `contributors`;

CREATE TABLE `contributors` (
  `username` varchar(40) default NULL,
  `id_key` varchar(100) default NULL,
  `count` int(11) default NULL
) ENGINE=MyISAM DEFAULT CHARSET=latin1;

INSERT INTO `contributors` VALUES ('QuantumSnark','',''),('Cor','',''),('smudgepuss','',''),('flt','',''),('lastaiaiai','',''),('Rockefellow','',''),('smudgepuss2','36Do66Not38Watch62Zardoz16The9Movie','13'),('jpv','',''),('MrFoo','',''),('Tyken','Nyartholep','12'),('dragon','',''),('AnvilSociety','',''),('Caim','',''),('Sivart','',''),('Kaos Dragon','',''),('Sinestro','',''),('Isambard','',''),('JoolsHolland','',''),('naath','',''),('ethifel','',''),('markles','',''),('X-Himy','',''),('Sertularian','',''),('Vashenka','',''),('Vashka','',''),('Aerohead','',''),('Snarfer','',''),('Snarler','',''),('Snarfy','',''),('Snarfie','',''),('Jim Snearth','',''),('Snarfire','',''),('JADW27','',''),('andrewsi','',''),('Royan','Ascended4Beings8Are9Absolutely3No5Help','24'),('Alberta','',''),('jmbtest','',''),('jmb','Ascended4Beings8Are9Absolutely3No5Help','48'),('Ravensdance','',''),('Rokimer','',''),('blaisedec','',''),('BruceStark','','');

DROP TABLE IF EXISTS `cornucopia_drink`;

CREATE TABLE `cornucopia_drink` (
  `item` varchar(50) default NULL,
  `count` int(11) default NULL
) ENGINE=MyISAM DEFAULT CHARSET=latin1;

INSERT INTO `cornucopia_drink` VALUES ('Dragon Blood','2'),('Mug of Coffee','2'),('Cod Liver Oil','1'),('Bottle of Pineapple Juice','3'),('Mug of Hot Chocolate','1'),('Bottle of Olive Oil','1'),('Bottle of Lime Juice','2'),('Bottle of Orange Juice','1');

DROP TABLE IF EXISTS `cornucopia_food`;

CREATE TABLE `cornucopia_food` (
  `item` varchar(50) default NULL,
  `count` int(11) default NULL
) ENGINE=MyISAM DEFAULT CHARSET=latin1;

INSERT INTO `cornucopia_food` VALUES ('Egg','2'),('Cod','1'),('Kraken Piece','2'),('Bunch of Grapes','1'),('Egg','2'),('Seaweed Frond','3'),('Eel','2'),('Loaf of Bread','2'),('Piece of Toast','2'),('Beef Steak','1'),('Sun Flower','1'),('Sheaf of Wheat','2'),('After-Dinner Mint','1'),('Mushroom','1'),('Piece of Mutton','1'),('Slice of Bread','1'),('Orange','1');

DROP TABLE IF EXISTS `daemonic_melt`;

CREATE TABLE `daemonic_melt` (
  `item` varchar(50) default NULL,
  `melts` int(11) default NULL,
  `count` int(11) default NULL
) ENGINE=MyISAM DEFAULT CHARSET=latin1;

INSERT INTO `daemonic_melt` VALUES ('Daemonic Sword','0','1'),('Daemonic Dagger','5','19'),('Daemonic Letter Opener','2','10'),('Daemonic Knife','1','2');

DROP TABLE IF EXISTS `farming`;

CREATE TABLE `farming` (
  `item` varchar(20) default NULL,
  `count` int(11) default NULL,
  `alignment` varchar(10) default NULL,
  `terrain` varchar(20) default NULL
) ENGINE=MyISAM DEFAULT CHARSET=latin1;

INSERT INTO `farming` VALUES ('Sun Flower','2','fire','Valley'),('Sheaf of Wheat','1','earth','Valley'),('Bunch of Grapes','7','earth','Satanic Gardens'),('Potato','2','air','Road'),('Onion','4','air','Road'),('Onion','4','air','Road'),('Tribble','1','fire','Plains'),('Bunch of Grapes','7','earth','Satanic Gardens'),('Clove of Garlic','2','earth','Satanic Gardens'),('Olive','2','earth','Satanic Gardens'),('Lettuce','4','earth','Satanic Gardens'),('Sheaf of Wheat','2','earth','Satanic Gardens'),('Basket of Plums','2','earth','Satanic Gardens'),('Sun Flower','2','earth','Satanic Gardens'),('Bag of Coffee Beans','4','earth','Satanic Gardens'),('Bunch of Grapes','26','air','Valley'),('Olive','9','fire','Satanic Gardens'),('Cucumber','5','fire','Satanic Gardens'),('Sheaf of Wheat','8','fire','Satanic Gardens'),('Sun Flower','3','fire','Satanic Gardens'),('Bag of Coffee Beans','8','fire','Satanic Gardens'),('Basket of Plums','5','fire','Satanic Gardens'),('Lettuce','5','fire','Satanic Gardens'),('Clove of Garlic','5','fire','Satanic Gardens'),('Basket of Plums','4','air','Valley'),('Cucumber','7','water','Valley'),('Lettuce','3','water','Valley'),('Bag of Coffee Beans','1','air','Satanic Gardens'),('Lettuce','1','air','Satanic Gardens'),('Sun Flower','1','air','Satanic Gardens'),('Tomato','5','water','Haunted Farm'),('Basket of Plums','2','air','Fields'),('Bunch of Grapes','5','air','Fields'),('Bunch of Grapes','6','air','Plains'),('Basket of Plums','3','air','Plains'),('Cucumber','5','water','Fields'),('Bunch of Grapes','29','air','Hills'),('Basket of Plums','5','air','Hills'),('Bunch of Grapes','2','fire','Satanic Gardens'),('Bunch of Grapes','5','air','Golf Course');

DROP TABLE IF EXISTS `fishing`;

CREATE TABLE `fishing` (
  `item` varchar(20) default NULL,
  `count` int(11) default NULL
) ENGINE=MyISAM DEFAULT CHARSET=latin1;

INSERT INTO `fishing` VALUES ('Fish','40'),('Old Boot','3');

DROP TABLE IF EXISTS `flying_healer`;

CREATE TABLE `flying_healer` (
  `heal` int(11) default NULL,
  `count` int(11) default NULL
) ENGINE=MyISAM DEFAULT CHARSET=latin1;

INSERT INTO `flying_healer` VALUES ('0','1');

DROP TABLE IF EXISTS `foraging`;

CREATE TABLE `foraging` (
  `terrain` varchar(30) default NULL,
  `item` varchar(60) default NULL,
  `count` int(11) default NULL
) ENGINE=MyISAM DEFAULT CHARSET=latin1;

INSERT INTO `foraging` VALUES ('Plains','Sprig of Oregano','1'),('Trail','Sloe','3'),('Trail','Sprig of Wormwood','1'),('Trail','Ginger Root','1'),('Jungle','Cocoa Pod','3'),('Jungle','Mandrake Root','1'),('Jungle','Vanilla Pod','1'),('Forest','Juniper Berry','3'),('Great Desert','Cactus','22'),('Wilderness','Sprig of Wormwood','3'),('Woods','Piece of Chinchona Bark','2'),('Woods','Ginseng Root','1'),('Pasture','Bunch of Curly Green Leaves','2'),('Wilderness','Rose Hip','4'),('Pasture','Bunch of Small Green Leaves','1'),('Wilderness','Ginger Root','2'),('Hills','Pinch of Small Brown Seeds','1'),('Hills','Bunch of Pointed Aromatic Leaves','1'),('Hills','Sprig of Parsley','1'),('Pasture','Sprig of Parsley','1'),('Forest','Piece of Chinchona Bark','3'),('Forest','Handful of Hops','2'),('Jungle','Nutmeg','1'),('Hills','Rose Hip','1'),('Plains','Pinch of Aniseed','1'),('Glade','Sprig of Oregano','3'),('Glade','Sprig of Parsley','1'),('Glade','Pinch of Aniseed','3'),('Glade','Sprig of Mint','2'),('Cut Jungle','Fern','5'),('Cut Jungle','Blue Flower','2');

DROP TABLE IF EXISTS `gathering_count`;

CREATE TABLE `gathering_count` (
  `terrain` varchar(50) default NULL,
  `count` int(11) default NULL
) ENGINE=MyISAM DEFAULT CHARSET=latin1;

INSERT INTO `gathering_count` VALUES ('Forest Gathering 3','3'),('Wizard Retreat Jungle Gathering 3','3'),('Forest Gathering 30','34'),('Jungle Gathering 3','21'),('Jungle Gathering 30','3'),('Wizard Retreat Jungle Gathering 30','7');

DROP TABLE IF EXISTS `milking`;

CREATE TABLE `milking` (
  `location` varchar(30) default NULL,
  `cream` int(11) default NULL,
  `count` int(11) default NULL
) ENGINE=MyISAM DEFAULT CHARSET=latin1;

INSERT INTO `milking` VALUES ('Anywhere Else','17','111'),('Harvey\"s Farm','6','7');

DROP TABLE IF EXISTS `mining`;

CREATE TABLE `mining` (
  `Terrain` varchar(20) default NULL,
  `BronzeOre` int(11) default NULL,
  `CopperOre` int(11) default NULL,
  `GoldOre` int(11) default NULL,
  `IronOre` int(11) default NULL,
  `LeadOre` int(11) default NULL,
  `SilverOre` int(11) default NULL,
  `Stone` int(11) default NULL,
  `BitofGold` int(11) default NULL
) ENGINE=MyISAM DEFAULT CHARSET=latin1;

INSERT INTO `mining` VALUES ('Mine','1','1','0','2','0','0','0','0');

DROP TABLE IF EXISTS `monster_accuracy`;

CREATE TABLE `monster_accuracy` (
  `monster` varchar(40) default NULL,
  `hits` int(11) default NULL,
  `attacks` int(11) default NULL
) ENGINE=MyISAM DEFAULT CHARSET=latin1;

INSERT INTO `monster_accuracy` VALUES ('Bull','28','60'),('Unconvincing Party Dragon','2','2'),('Duck-Billed Sparrow','9','19'),('Eagle','58','124'),('Earth Worm','44','85'),('Duck-Billed Wolf','6','11'),('Giant Spider','30','55'),('Large Living Tar','24','52'),('Lion','10','24'),('Llama','33','64'),('Minotaur','8','18'),('Asbo','50','149'),('Duck-Billed Glow Worm','5','9'),('Gull','429','1460'),('Duck-Billed Salamander','5','6'),('Water Dragon','17','31'),('Salamander','8','11'),('Crocodile','65','141'),('Small Water Dragon','32','70'),('Mud Man','45','90'),('Soldier Ant','15','111'),('Small Paper Mache Golem','7','25'),('Gorgan','7','12'),('Duck-Billed Rabbit','0','4'),('Vampire','6','12'),('Cow','117','228'),('Mimic','101','113'),('Fire Dragon','29','77'),('Small Sand Worm','2','6'),('Living Tar','25','67'),('Glow Worm','34','68'),('Rocky Horror','53','82'),('Snake','148','262'),('Duck-Billed Undine','15','22'),('Duck','65','140'),('Kitten','2','5'),('Sister','16','28'),('Pig','4','10'),('Leprechaun','47','129'),('Rock Troll','3','7'),('Thunder Bird','33','62'),('Bee','23','223'),('Badger','20','31'),('Fire Fox','23','40'),('Brute','2','32'),('Treeman','17','41'),('Gygax','3','7'),('Bat','25','51'),('Squirrel','24','47'),('Ninja','30','34'),('Scissor Beast','8','18'),('Origami Ogre','10','18'),('Coral Snake','9','16'),('Garter Snake','35','66'),('King Cobra','4','10'),('Rattle Snake','22','39'),('Skippy','9','18'),('Duck-Billed Duck','9','14'),('Hungry Ghost','0','3'),('Angel','7','22'),('Parrot','8','26'),('Earth Dragon','4','11'),('Small Earth Dragon','95','180'),('Pheonix','126','187'),('Huge GNU','1','1'),('Giant Angel','2','3'),('Huge Mutant Fire Fox','1','3'),('Giant Boa','0','4'),('Small Air Dragon','28','48'),('GNU','51','93'),('Sparrow','37','79'),('perky n0rx','44','71'),('Toad','49','87'),('Skull Gull','97','497'),('Sea Lion','10','18'),('Manatee','29','47'),('Kraken','25','47'),('Rabbit','46','71'),('Shark','9','13'),('Gnome','48','96'),('Sheep','96','181'),('Downer','0','6'),('Roc','1682','3251'),('Parrot (when attacked with a fish)','5','10'),('Big Downer','6','12'),('Air Dragon','40','78'),('Python','9','16'),('Cobra','3','10'),('Huge Bull','2','3'),('Boa','4','7'),('Penguin','30','53'),('Manic Minotaur','4','10'),('Drake','5','28'),('Omar the Troll','3','7'),('Undine','35','66'),('Small Fire Dragon','16','30'),('Tar Baby','7','10'),('Huge Mutant Penguin','1','3'),('Hydra','0','1'),('The Giant','10','23'),('Hydra','154','324'),('Esquilax','0','4'),('Sylph','29','47'),('Wolf','39','88'),('Sir Tim','28','53'),('Hista','0','1'),('ROU.S..','43','83'),('Mutant Angel','1','2'),('Giant Mutant Penguin','14','21'),('Huge Mutant Angel','4','4'),('Huge Mutant Lion','2','2'),('Giant Mutant GNU','2','4'),('Giant Lion','2','4'),('Huge Eagle','6','12'),('Ice Warrior','83','161'),('Aurora Borealis','39','92'),('Glacier Fox','2','5'),('Yeti','11','21'),('Lemming','347','1707'),('Mink','63','116'),('Ice Camel','14','28'),('Morpheus','26','44'),('Jabberwock','0','17'),('man Brute Squad','1','10'),('Sand Worm','30','51'),('Huge Fire Fox','0','1'),('Giant Triffid','0','1'),('Huge Mutant Toad','4','5'),('Huge Mutant Roc','10','24'),('Huge Salamander','1','1'),('Giant Salamander','0','2'),('Giant Mutant Fire Fox','7','14'),('Huge Lion','0','1'),('Killer Koala','81','168'),('Koala','56','88'),('PolyChromatic Dragon','4','8'),('Young Rock Troll','5','8'),('Lepricawn','0','2'),('Dying Earth Worm','1','2'),('Huge Undine','0','2'),('Huge Penguin','0','1'),('Killer Rabbit','1','3'),('Serpent Head','27','49'),('Mirror Monster','9','17'),('Locust','8','11'),('SMALL WATER DEMON','16','32'),('SMALL AIR DEMON','0','1'),('Vindaloo Monster','1','3'),('Bling Wraith','49','49'),('Triffid','6','15'),('Cute Seal','0','6'),('The Giant','10','23'),('Leprucawn','0','1'),('Lost Spirit','0','1'),('Ghost','2','4'),('Arctic Undine','13','27'),('Ice Dragon','29','60'),('Tundra Troll','9','19'),('Frozen Undine','18','28'),('Polar Bear','6','10'),('Zebra','3','4'),('King Penguin','5','18'),('Snark','1','2'),('Loucee','2','6'),('Stoner','1','3'),('Hippy','1','1'),('Lepricorn','0','2'),('Small Scissor Beast','12','20'),('Desert Fox','3','12'),('big n0rx','10','13'),('Blaine','9','19'),('Vorder Man','12','27'),('Duck-Billed Venemous Eye','2','8'),('Venemous Eye','12','31'),('Coca-Koala','20','44'),('Cricket','2','4'),('Booze Hound','0','1'),('Sick Earth Worm','1','1'),('Huge Mutant GNU','5','6'),('Giant Toad','0','1'),('Giant Mutant Duck','1','3'),('Giant Mutant Angel','1','5'),('Giant Penguin','0','1'),('Giant Duck','2','5'),('Giant Mutant Water Dragon','1','5'),('Huge Mutant Water Dragon','1','2'),('Huge Mutant Undine','1','2'),('Dark Mist','0','1'),('Giant Mutant Undine','2','2'),('Balrog','1','1'),('Giant Eagle','2','6'),('Huge Mutant Eagle','13','27'),('Ancient','10','16'),('ICE DEMON','0','2'),('Dimensional Shambler','0','24'),('Sagittarian','13','20'),('Beni Elohim','6','10'),('Kerubim','0','1'),('Aurora Boreanaz','5','12'),('Tauntaun','1','3'),('SMALL ICE DEMON','0','13'),('Nodule','1','3'),('Elohim','2','8'),('Tripod','9','35'),('Head Hunter','0','4'),('Mötley Grüe','1','3'),('Grue','2','5'),('So Solid Grue','0','2'),('Duck-Billed Gnome','7','7'),('Huge Roc','9','12'),('Huge Glow Worm','0','1'),('Huge Thunder Bird','3','4'),('Huge Mutant Thunder Bird','4','6'),('Giant Sylph','0','1'),('Giant Mutant Eagle','2','4'),('Morrissey','0','9'),('Giant Undine','1','1'),('Mutant Penguin','2','2'),('Chicken','4','11'),('Imp','1','1'),('Duck-Billed Esquilax','1','3'),('Illusion','1','1'),('Rat','5','6'),('Golfer','292','581'),('Captain No Beard (5 Cannon)','3','5'),('Mother','26','45'),('Duck-Billed Sylph','2','3'),('Khadi','90','171'),('Goth','7','14'),('Bear','8','19'),('Duck-Billed Toad','6','7'),('Jason','1','1'),('small n0rx','1','1');

DROP TABLE IF EXISTS `monster_drop`;

CREATE TABLE `monster_drop` (
  `monster` varchar(100) NOT NULL,
  `item` varchar(100) NOT NULL,
  `count` int(11) default NULL,
  `maxDrop` int(11) default NULL,
  `minDrop` int(11) default NULL,
  `totalDrop` int(11) default NULL
) ENGINE=MyISAM DEFAULT CHARSET=latin1;

INSERT INTO `monster_drop` VALUES ('Rat','Gold Piece','1','14','14','14'),('Rat','different items','1','1','1',''),('Earth Worm','Gold Piece','33','41','1','221'),('Earth Worm','different items','39','3','1','38'),('Duck-Billed Gnome','Gold Piece','1','24','24','24'),('Duck-Billed Gnome','different items','1','1','1','1'),('Duck-Billed Undine','Gold Piece','10','228','4','528'),('Duck-Billed Undine','different items','23','5','1','23'),('Sparrow','Gold Piece','16','68','1','226'),('Sparrow','Feather','16','1','1','16'),('Sparrow','different items','39','5','2','39'),('Duck','Magic Bean','19','3','1','38'),('Duck','Feather','24','2','2','48'),('Duck','different items','44','3','1','42'),('Ghost','Sheet of Paper','1','1','1','1'),('Ghost','Gold Piece','1','58','58','58'),('Ghost','different items','2','2','2',''),('Pheonix','Fire Cracker','1','5','5','5'),('Pheonix','Unit of Charcoal','4','21','3','48'),('Pheonix','Gold Piece','8','3529','20','7520'),('Pheonix','Phoenix Feather','3','21','1','37'),('Pheonix','different items','28','5','1','24'),('Small Water Dragon','Walking Stick','1','1','1','1'),('Small Water Dragon','Gold Piece','3','80','77','236'),('Small Water Dragon','different items','6','2','2','4'),('GNU','Knife','1','1','1','1'),('GNU','Saltpetre','19','14','1','121'),('GNU','Gold Piece','20','270','18','1322'),('GNU','different items','63','4','2','60'),('Triffid','Gold Piece','11','105','21','411'),('Triffid','Triffid Sting','9','2','1','15'),('Triffid','different items','28','3','1','26'),('Young Rock Troll','Gold Piece','2','69','44','113'),('Young Rock Troll','different items','3','2','1','2'),('GNU','Earth Talisman','1','1','1','1'),('GNU','Palantir-as-you-go','1','1','1','1'),('Node','Mana','2','8','8','16'),('Node','different items','2','1','1','1'),('Duck-Billed Esquilax','Gold Piece','2','28','26','54'),('Duck-Billed Esquilax','different items','3','2','1','2'),('Koala','Gold Piece','17','109','19','766'),('Koala','Bashing Stuff Spell','1','1','1','1'),('Koala','Huge Fire Cracker','1','2','2','2'),('Koala','different items','54','5','2','51'),('Duck-Billed Duck','Magic Bean','13','6','2','42'),('Duck-Billed Duck','Feather','20','4','4','80'),('Duck-Billed Duck','Shredded Duck Bit','20','4','1','54'),('Duck-Billed Duck','different items','53','3','2','50'),('Duck-Billed Undine','Pin','1','2','2','2'),('Koala','Wombat Spell','2','1','1','2'),('Jabberwock','Broad Sword','1','1','1','1'),('Jabberwock','Piece of Leather','6','5','4','25'),('Jabberwock','Gold Piece','2','149','25','174'),('Jabberwock','Spikey Ninja Throwing Star','1','3','3','3'),('Jabberwock','Pair of Magic Boots','1','1','1','1'),('Jabberwock','different items','16','5','2','11'),('Killer Koala','Badge','1','1','1','1'),('Killer Koala','Wellbeing Spell','3','1','1','3'),('Killer Koala','Gold Piece','14','132','18','523'),('Killer Koala','Crow Bow','1','1','1','1'),('Killer Koala','Sod Spell','1','1','1','1'),('Killer Koala','different items','60','6','3','55'),('Koala','Card: Death','1','1','1','1'),('Koala','X','1','1','1','1'),('Koala','Nightingbreeze Spell','1','1','1','1'),('Duck-Billed Undine','Sheet of Paper','1','2','2','2'),('Duck-Billed Undine','Stone','1','2','2','2'),('Pinata in a Tree','Fountain Pen','1','1','1','1'),('Pinata in a Tree','Dose of Magic Powder','1','2','2','2'),('Pinata in a Tree','Short Bow','2','1','1','2'),('Pinata in a Tree','Gold Piece','7','196','93','1001'),('Pinata in a Tree','Short String','1','3','3','3'),('Pinata in a Tree','Spikey Ninja Throwing Star','2','4','4','8'),('Pinata in a Tree','different items','30','6','3','24'),('Koala','Wellbeing Spell','2','1','1','2'),('Koala','Sling','1','1','1','1'),('Koala','Fire Talisman','1','1','1','1'),('Koala','Breakfast Club','1','1','1','1'),('Duck-Billed Toad','Gold Piece','28','118','2','444'),('Duck-Billed Toad','different items','32','3','1','31'),('Bull','Short Sword','1','1','1','1'),('Bull','Saltpetre','8','28','3','137'),('Bull','Gold Piece','8','231','35','758'),('Bull','Clean Bandage','2','1','1','2'),('Bull','different items','31','6','2','27'),('Angel','Gold Piece','2','165','79','244'),('Angel','Can of Worms','1','1','1','1'),('Angel','different items','7','5','2','5'),('Penguin','Mug of Coffee (decaf)','2','1','1','2'),('Penguin','Gold Piece','13','441','19','963'),('Penguin','Set of Water Wings','1','1','1','1'),('Penguin','different items','33','8','1','30'),('Eagle','Fountain Pen','2','1','1','2'),('Eagle','Card: The Devil','1','1','1','1'),('Eagle','Gold Piece','9','261','50','1122'),('Eagle','Wand of Anger','1','1','1','1'),('Eagle','Rainbow Blade','1','1','1','1'),('Eagle','Feather','9','10','10','90'),('Eagle','different items','45','8','3','39'),('Origami Ogre','Sheet of Paper','3','4','2','9'),('Origami Ogre','Gold Piece','3','132','22','178'),('Origami Ogre','Air Stone','1','1','1','1'),('Origami Ogre','Small Map','1','1','1','1'),('Origami Ogre','different items','9','4','2','5'),('Bull','Spatula','1','1','1','1'),('Bull','Magic Bean','1','1','1','1'),('Bull','Spikey Ninja Throwing Star','2','5','1','6'),('Triffid','Barbelith Talisman','1','1','1','1'),('Triffid','Night Stick','1','1','1','1'),('Triffid','Daemonic Letter Opener','1','1','1','1'),('Roc','Roc Rock','13','1','1','13'),('Roc','Feather','13','20','20','260'),('Roc','different items','36','6','2','34'),('Crocodile','Copy of \"It\"s Raining Men\"','1','1','1','1'),('Crocodile','Dose of Magic Powder','1','3','3','3'),('Crocodile','Fire Stone','1','1','1','1'),('Crocodile','Sheet of Paper','2','3','2','5'),('Crocodile','Gold Piece','12','144','4','633'),('Crocodile','Crocodile Scale','8','3','1','11'),('Crocodile','different items','36','6','1','30'),('Crocodile','Copy of \"Like I Love You\"','1','1','1','1'),('Crocodile','Rusty Sword','2','1','1','2'),('Pinata in a Tree','Copy of \"Express Yourself\"','1','1','1','1'),('Pinata in a Tree','Fire Talisman','1','1','1','1'),('Pinata in a Tree','Can of Red Bull','1','1','1','1'),('Lion','Gold Piece','5','93','36','330'),('Lion','Night Club','1','1','1','1'),('Lion','Sulphur','5','3','1','11'),('Lion','Set of Water Wings','1','1','1','1'),('Lion','different items','21','5','4','17'),('Gorgan','Head of the Gorgan','2','1','1','2'),('Gorgan','Singing Sword','1','1','1','1'),('Gorgan','different items','3','2','1','1'),('Rock Troll','Gold Piece','1','35','35','35'),('Rock Troll','Stone','1','7','7','7'),('Rock Troll','Water Knife','1','1','1','1'),('Rock Troll','Breakfast Club','1','1','1','1'),('Rock Troll','different items','4','4','4',''),('Captain No Beard (5 Cannon)','Pirate Hat','1','1','1','1'),('Captain No Beard (5 Cannon)','Treasure Chest','1','1','1','1'),('Captain No Beard (5 Cannon)','Copy of \"Where Is My Man\"','1','1','1','1'),('Captain No Beard (5 Cannon)','different items','3','3','3',''),('Koala','Water Bomb Spell','1','1','1','1'),('Koala','Empty Mug','1','1','1','1'),('Koala','Magic Ruby','1','1','1','1'),('Killer Koala','Bow','1','1','1','1'),('Killer Koala','Wizards Retreat Spell','2','1','1','2'),('Pinata in a Tree','Magic Bean','2','1','1','2'),('Pinata in a Tree','Reznor Blade','1','1','1','1'),('Koala','Hurt \"em Spell','1','1','1','1'),('Koala','Map','1','1','1','1'),('Koala','Sod Spell','1','1','1','1'),('Jabberwock','Fire Knife','1','1','1','1'),('Koala','Map Spell','1','1','1','1'),('Coca-Koala','Wellbeing Spell','1','1','1','1'),('Coca-Koala','Gold Piece','3','85','25','138'),('Coca-Koala','Palantir-as-you-go','1','6','6','6'),('Coca-Koala','different items','8','3','2','5'),('Mother','Spade ov Kaos','1','1','1','1'),('Mother','Gold Piece','3','147','27','306'),('Mother','Big Piece of Chalk','1','1','1','1'),('Mother','Issue','3','4','3','11'),('Mother','Rend Fabric of Space Spell','1','1','1','1'),('Mother','different items','18','7','5','13'),('Killer Koala','Teleport to Shop Spell','1','1','1','1'),('Killer Koala','Hat Hunter Spell','2','1','1','2'),('Koala','Badge','1','1','1','1'),('Koala','Hat Hunter Spell','1','1','1','1'),('Killer Koala','Alchemy Spell','2','1','1','2'),('Killer Koala','Illumination Spell','1','1','1','1'),('Coca-Koala','Locate Spell','1','1','1','1'),('Koala','First Aid Spell','1','1','1','1'),('Koala','Cloak of Invisibility','1','1','1','1'),('Mother','Mug of Coffee (proper)','1','1','1','1'),('Mother','Short Sword','1','1','1','1'),('Mother','D8','1','1','1','1'),('Mother','Strength Spell','1','1','1','1'),('Mother','Breakfast Bar','1','1','1','1'),('Koala','Fleeting Strength Spell','1','1','1','1'),('Koala','Water Wand','1','1','1','1'),('Killer Koala','Sling','1','1','1','1'),('Killer Koala','X','4','1','1','4'),('Killer Koala','Hop West Spell','1','1','1','1'),('Killer Koala','Can of Worms','1','1','1','1'),('Koala','Mug of Coffee (proper)','2','1','1','2'),('Koala','Alchemy Spell','1','1','1','1'),('Koala','Bow','1','1','1','1'),('Koala','Walking Stick','1','1','1','1'),('Killer Koala','Nightinggale Spell','1','1','1','1'),('Killer Koala','Reznor Blade','1','1','1','1'),('Killer Koala','Nightingbreeze Spell','1','1','1','1'),('Koala','Limbo Talisman','1','1','1','1'),('Koala','Illumination Spell','1','1','1','1'),('Koala','Align Water Spell','1','1','1','1'),('Koala','Fire Wand','1','1','1','1'),('Koala','Become Fire Spell','1','1','1','1'),('Pinata in a Tree','Distaff','1','1','1','1'),('Pinata in a Tree','Sword of Omens','1','1','1','1'),('Mother','Air Wand','1','1','1','1'),('Mother','D6','1','1','1','1'),('Mother','Drag on-and-on Spell','1','1','1','1'),('Mother','Copy of \"I Will Survive\"','1','1','1','1'),('Killer Koala','Quick Shield Spell','1','1','1','1'),('Killer Koala','Water Wand','2','1','1','2'),('Asbo','Mug of Coffee (proper)','2','1','1','2'),('Asbo','Fire Cracker','1','3','3','3'),('Asbo','Sun Stone','1','1','1','1'),('Asbo','Magic Bean','1','1','1','1'),('Asbo','Gold Piece','3','15229','3443','27002'),('Asbo','Archers Charm Spell','1','1','1','1'),('Asbo','Fiddle','1','1','1','1'),('Asbo','Fire Stone','1','1','1','1'),('Asbo','Palantir-as-you-go','2','3','1','4'),('Asbo','Crow Bow','2','1','1','2'),('Asbo','Rusty Sword','2','1','1','2'),('Asbo','different items','40','15','11','29'),('Killer Koala','Zephyr Spell','1','1','1','1'),('Killer Koala','Become Fire Spell','1','1','1','1'),('Duck-Billed Undine','Short String','1','2','2','2'),('Duck-Billed Undine','Clean Bandage','2','4','2','6'),('Duck-Billed Sylph','Gold Piece','1','38','38','38'),('Duck-Billed Sylph','Rusty Sword','1','2','2','2'),('Duck-Billed Sylph','different items','2','2','2',''),('Duck-Billed Glow Worm','Gold Piece','9','16','2','60'),('Duck-Billed Glow Worm','different items','10','2','1','9'),('Duck-Billed Wolf','Gold Piece','1','20','20','20'),('Duck-Billed Wolf','different items','1','1','1',''),('Golfer','2 Iron','32','1','1','32'),('Golfer','Mug of Ale','100','1','1','100'),('Golfer','Gold Piece','100','227','19','4746'),('Golfer','8 Iron','38','1','1','38'),('Golfer','different items','507','9','2','503'),('Khadi','Sun Stone','1','1','1','1'),('Khadi','Gold Piece','26','150','16','1090'),('Khadi','5 Iron','7','1','1','7'),('Khadi','8 Iron','6','1','1','6'),('Khadi','Tee','22','9','1','100'),('Khadi','different items','110','7','2','105'),('Golfer','9 Iron','30','1','1','30'),('Golfer','Sword of Omens','1','1','1','1'),('Golfer','Fire Cracker','5','6','1','16'),('Golfer','4 Iron','43','1','1','43'),('Golfer','Magic Ball','1','1','1','1'),('Golfer','3 Iron','33','1','1','33'),('Khadi','Daemonic Letter Opener','1','1','1','1'),('Jason','7 Iron','3','1','1','3'),('Jason','Mug of Ale','3','1','1','3'),('Jason','Contract Palantir','1','1','1','1'),('Jason','Gold Piece','3','62','25','113'),('Jason','5 Iron','3','1','1','3'),('Jason','8 Iron','3','1','1','3'),('Jason','Bottle of Whisky','3','1','1','3'),('Jason','4 Iron','3','1','1','3'),('Jason','2 Iron','3','1','1','3'),('Jason','9 Iron','3','1','1','3'),('Jason','Putter','3','1','1','3'),('Jason','3 Iron','3','1','1','3'),('Jason','6 Iron','3','1','1','3'),('Jason','different items','39','14','12','26'),('Golfer','Mug of Coffee (decaf)','3','2','1','4'),('Golfer','6 Iron','29','1','1','29'),('Golfer','Card: Death','1','1','1','1'),('Khadi','Night Club','1','1','1','1'),('Golfer','Bull Whip','1','1','1','1'),('Golfer','Pair of Dr. Martins','2','1','1','2'),('Golfer','Spikey Ninja Throwing Star','5','6','2','18'),('Golfer','Dibs Wand','1','1','1','1'),('Golfer','Card: The Lovers','1','1','1','1'),('Golfer','Fortune Cookie','1','1','1','1'),('Khadi','Clock of Invisibility','1','1','1','1'),('Khadi','6 Iron','6','1','1','6'),('Khadi','2 Iron','5','1','1','5'),('Khadi','Bull Whip','1','1','1','1'),('Khadi','3 Iron','5','1','1','5'),('Golfer','Bottle of Kahlua','1','1','1','1'),('Khadi','4 Iron','4','1','1','4'),('Khadi','9 Iron','3','1','1','3'),('Khadi','Breakfast Bar','1','1','1','1'),('Golfer','Cocktail Stick','1','1','1','1'),('Golfer','Broad Sword','2','1','1','2'),('Golfer','Climbing Gear','1','1','1','1'),('Khadi','Limbo Talisman','1','1','1','1'),('Khadi','Harmonica','2','1','1','2'),('Golfer','Bow','4','1','1','4'),('Golfer','Knife','2','1','1','2'),('Golfer','Summon Stone','1','1','1','1'),('Golfer','Breakfast Club','1','1','1','1'),('Golfer','Card: The Magician','1','1','1','1'),('Treeman','Copy of Have Space Suit - Will Travel','1','1','1','1'),('Treeman','different items','7','3','1','6'),('Leprechaun','Gold Piece','1','1509','1509','1509'),('Leprechaun','different items','1','1','1',''),('Bat','Gold Piece','8','247','21','751'),('Bat','Clean Bandage','2','1','1','2'),('Bat','different items','20','4','2','18'),('Bat','Dose of Antidote','1','1','1','1'),('Bat','Reznor Blade','1','1','1','1'),('Bat','Fortune Cookie','1','1','1','1'),('Squirrel','Gold Piece','3','70','25','129'),('Squirrel','different items','4','2','1','3'),('Squirrel','Daemonic Letter Opener','1','1','1','1'),('Pinata in a Tree','Pair of Scissors','1','1','1','1'),('Pinata in a Tree','Cloak of Invisibility','1','1','1','1'),('Pinata in a Tree','Pocket Watch','1','1','1','1'),('Llama','Copy of Sixth Column','1','1','1','1'),('Llama','Earth Talisman','1','1','1','1'),('Llama','Fiddle','1','1','1','1'),('Llama','Gold Piece','2','327','313','640'),('Llama','Fortune Cookie','1','1','1','1'),('Llama','Pair of Magic Boots','1','1','1','1'),('Llama','different items','13','7','6','7'),('Soldier Ant','different items','0','0','0','0'),('Scissor Beast','Pair of Scissors','1','5','5','5'),('Scissor Beast','Gold Piece','3','82','30','145'),('Scissor Beast','different items','5','2','1','3'),('Treeman','Piece of Wood','2','30','10','40'),('Treeman','Sharp Sword','1','1','1','1'),('Treeman','Piece of Ancient Wood','2','10','5','15'),('Bee','Lump of Beeswax','3','2','1','4'),('Bee','different items','5','2','1','4'),('Ice Warrior','Copy of \"Love at First Sight\"','1','1','1','1'),('Ice Warrior','Gold Piece','1','24','24','24'),('Ice Warrior','Reznor Blade','1','1','1','1'),('Ice Warrior','Coloured Scarf','2','1','1','2'),('Ice Warrior','different items','7','4','1','3'),('Penguin','Night Club','1','1','1','1'),('Scissor Beast','Set of Water Wings','1','1','1','1'),('Bat','Sheet of Paper','2','3','1','4'),('GNU','GPS','1','1','1','1'),('GNU','Pair of Magic Boots','2','2','1','3'),('Bee','Piece of Honeycomb','2','2','1','3'),('King Penguin','Bow','1','1','1','1'),('King Penguin','Gold Piece','3','157','57','316'),('King Penguin','Card: The World','1','1','1','1'),('King Penguin','different items','9','4','2','6'),('Fire Fox','Mug of Coffee (decaf)','1','3','3','3'),('Fire Fox','Gold Piece','12','121','17','399'),('Fire Fox','different items','26','3','1','24'),('Pinata in a Tree','Mug of Coffee (proper)','1','3','3','3'),('Pinata in a Tree','Mug of Coffee (decaf)','1','1','1','1'),('Pinata in a Tree','Earth Stone','1','1','1','1'),('Treeman','Copy of \"Over the Rainbow\"','1','1','1','1'),('GNU','Badge','1','1','1','1'),('GNU','Small Map','1','1','1','1'),('Chicken','Egg','7','1','1','7'),('Chicken','Feather','7','10','10','70'),('Chicken','different items','14','2','2','12'),('King Penguin','Earth Wand','1','1','1','1'),('Goth','Black Eye Liners','1','1','1','1'),('Goth','Glass of Absinthe','1','1','1','1'),('Goth','Gold Piece','1','24','24','24'),('Goth','Pint of Cider and Black','1','1','1','1'),('Goth','different items','4','4','4',''),('Earth Worm','Magic Bean','1','1','1','1'),('Earth Worm','Set of Water Wings','1','1','1','1'),('Bear','Gold Piece','3','27','9','49'),('Bear','Piece of Chalk','1','1','1','1'),('Bear','different items','6','3','1','4'),('Sylph','Gold Piece','3','17','1','25'),('Sylph','Spikey Ninja Throwing Star','3','4','4','12'),('Sylph','different items','8','3','2','6'),('Sylph','Clean Bandage','1','1','1','1'),('Gnome','Short String','3','3','1','5'),('Gnome','Gold Piece','21','81','2','363'),('Gnome','different items','55','4','1','53'),('Earth Worm','Calendar','1','1','1','1'),('Small Paper Mache Golem','Sheet of Paper','2','3','1','4'),('Small Paper Mache Golem','Gold Piece','2','119','76','195'),('Small Paper Mache Golem','Copy of \"I Will Survive\"','1','1','1','1'),('Small Paper Mache Golem','different items','6','3','3','3'),('GNU','Piece of Chalk','2','3','3','6'),('GNU','Earth Stone','1','1','1','1'),('Wolf','Fire Cracker','1','1','1','1'),('Wolf','Gold Piece','3','53','20','96'),('Wolf','Spikey Ninja Throwing Star','3','5','2','11'),('Wolf','different items','8','3','2','5'),('Undine','Gold Piece','5','17','5','51'),('Undine','Spikey Ninja Throwing Star','3','4','3','11'),('Undine','different items','10','3','1','8'),('Lost Spirit','Gold Piece','3','21','8','39'),('Lost Spirit','Spikey Ninja Throwing Star','1','1','1','1'),('Lost Spirit','different items','5','2','1','3'),('Penguin','Mug of Coffee','2','2','1','3'),('Penguin','Air Talisman','1','1','1','1'),('Penguin','GPS','1','1','1','1'),('Penguin','Spikey Ninja Throwing Star','1','12','12','12'),('Penguin','Fortune Cookie','1','1','1','1'),('Penguin','Small Map','1','1','1','1'),('Penguin','Clean Bandage','1','1','1','1'),('Undine','Clean Bandage','1','1','1','1'),('Duck','Spikey Ninja Throwing Star','1','2','2','2'),('Roc','Gold Piece','2','73','24','97'),('Roc','Lance','1','1','1','1'),('Roc','Breakfast Club','1','1','1','1'),('Roc','Copy of \"Like I Love You\"','1','1','1','1'),('Bat','D6','1','1','1','1'),('Bat','Short Bow','1','1','1','1'),('GNU','Short Sword','1','1','1','1'),('GNU','Air Talisman','1','1','1','1'),('GNU','Mug of Coffee','1','2','2','2'),('Glow Worm','Gold Piece','32','191','1','471'),('Glow Worm','Rusty Sword','3','1','1','3'),('Glow Worm','different items','45','7','1','43'),('Bat','Magic Opal','1','1','1','1'),('Esquilax','Gold Piece','4','16','1','23'),('Esquilax','different items','5','2','1','4'),('Toad','Gold Piece','35','41','1','381'),('Toad','different items','42','3','1','41'),('Glow Worm','Water Stone','1','1','1','1'),('Glow Worm','Pair of Dr. Martins','1','1','1','1'),('Glow Worm','Pair of Scissors','1','1','1','1'),('Glow Worm','Sextant','1','1','1','1'),('Glow Worm','Air Talisman','1','1','1','1'),('Glow Worm','Palantir-as-you-go','1','1','1','1'),('Glow Worm','Clean Bandage','1','1','1','1'),('Sparrow','Fire Cracker','1','1','1','1'),('Sparrow','Distaff','1','1','1','1'),('Sparrow','Clean Bandage','1','1','1','1'),('Rabbit','Gold Piece','13','38','1','230'),('Rabbit','Copy of Beyond This Horizon','1','1','1','1'),('Rabbit','Clean Bandage','2','1','1','2'),('Rabbit','different items','18','3','1','15'),('Lost Spirit','Clean Bandage','1','1','1','1'),('Esquilax','Pair of Knitting Needles','1','1','1','1'),('Earth Worm','Rusty Sword','1','1','1','1'),('Pheonix','Brave Star','1','1','1','1'),('Pheonix','Card: The Hierophant','1','1','1','1'),('Pheonix','Clean Bandage','1','1','1','1'),('GNU','Earth Wand','1','1','1','1'),('GNU','Piece of Red Chalk','1','1','1','1'),('Pheonix','Night Stick','2','1','1','2'),('Penguin','Short String','1','3','3','3'),('Polar Bear','Air Talisman','1','1','1','1'),('Polar Bear','Fire Talisman','1','1','1','1'),('Polar Bear','Gold Piece','1','81','81','81'),('Polar Bear','Glass of Polar Beer','1','1','1','1'),('Polar Bear','different items','4','4','4',''),('Triffid','Card: The Hierophant','1','1','1','1'),('Triffid','Clock of Invisibility','1','1','1','1'),('Mud Man','Unit of Sand','15','10','10','150'),('Mud Man','Mud','15','10','10','150'),('Mud Man','Hat Hunter Spell','1','1','1','1'),('Mud Man','Gold Piece','6','78','20','209'),('Mud Man','Piece of Wood','15','10','10','150'),('Mud Man','Stone','15','5','5','75'),('Mud Man','Spikey Ninja Throwing Star','1','3','3','3'),('Mud Man','Piece of Ancient Wood','15','1','1','15'),('Mud Man','different items','94','8','5','86'),('Small Earth Dragon','Gold Piece','3','144','79','304'),('Small Earth Dragon','Spikey Ninja Throwing Star','1','3','3','3'),('Small Earth Dragon','Earth Stone','2','1','1','2'),('Small Earth Dragon','different items','7','3','1','4'),('Duck-Billed Sparrow','Gold Piece','12','8','2','46'),('Duck-Billed Sparrow','Feather','12','2','2','24'),('Duck-Billed Sparrow','different items','24','2','2','22'),('Sister','Zephyr Spell','1','1','1','1'),('Sister','Issue','1','1','1','1'),('Sister','different items','2','2','2',''),('Duck-Billed Salamander','Sheet of Paper','1','2','2','2'),('Duck-Billed Salamander','Gold Piece','2','58','22','80'),('Duck-Billed Salamander','different items','4','2','2','2'),('Toad','Fire Cracker','1','1','1','1'),('Small Paper Mache Golem','Mug of Coffee','1','1','1','1'),('Mink','Calendar','1','1','1','1'),('Mink','Gold Piece','7','181','16','517'),('Mink','different items','21','5','2','19'),('Aurora Borealis','Gold Piece','10','141','20','428'),('Aurora Borealis','Card: The Emperor','1','1','1','1'),('Aurora Borealis','Snowball','1','4','4','4'),('Aurora Borealis','different items','21','4','1','18'),('Fire Fox','Sulphur','3','1','1','3'),('Fire Fox','Morning Star','1','1','1','1'),('Mink','Rusty Sword','4','2','1','5'),('Mink','Fire Talisman','1','1','1','1'),('Mink','Short String','1','1','1','1'),('Mink','Exotic Cocktail','1','1','1','1'),('Roc','Earth Knife','1','1','1','1'),('Roc','Mug of Coffee (decaf)','1','1','1','1'),('Roc','Card: The Tower','1','1','1','1'),('Eagle','Exotic Cocktail','3','1','1','3'),('Eagle','Morning Star','1','1','1','1'),('Eagle','Clean Bandage','3','3','1','6'),('Crocodile','Broad Sword','1','1','1','1'),('perky n0rx','Card: The Star','1','1','1','1'),('perky n0rx','Gold Piece','1','29','29','29'),('perky n0rx','different items','2','2','2',''),('Parrot','Gold Piece','3','40','8','65'),('Parrot','Short String','1','2','2','2'),('Parrot','Feather','3','4','2','8'),('Parrot','different items','10','4','3','7'),('Jabberwock','Cruel Blade','1','1','1','1'),('Jabberwock','Wand of Anger','1','1','1','1'),('Jabberwock','Air Sword','1','1','1','1'),('Jabberwock','Major Healing Spell','1','1','1','1'),('Asbo','Calendar','1','1','1','1'),('Asbo','Sheet of Paper','2','1','1','2'),('Asbo','Exotic Cocktail','1','1','1','1'),('Asbo','Set of Water Wings','1','1','1','1'),('Asbo','Tambourine','1','1','1','1'),('Asbo','Mug of Coffee (decaf)','1','2','2','2'),('Asbo','Air Stone','1','1','1','1'),('Asbo','Earth Stone','2','1','1','2'),('Asbo','Shield Spell','1','1','1','1'),('Asbo','Pocket Watch','2','1','1','2'),('Asbo','Clean Bandage','2','2','1','3'),('Pheonix','Earth Talisman','1','1','1','1'),('Pheonix','Mug of Coffee','1','1','1','1'),('Pheonix','Sun Stone','1','1','1','1'),('Golfer','Magic Bean','4','5','1','14'),('Golfer','Mug of Coffee (proper)','4','3','1','9'),('Golfer','Water Talisman','2','1','1','2'),('Duck-Billed Salamander','Stone','1','2','2','2'),('Sheep','Sheep Lung','1','2','2','2'),('Sheep','different items','4','2','0','3'),('Duck-Billed Undine','Brave Star','1','2','2','2'),('Duck-Billed Undine','Earth Talisman','1','2','2','2'),('Duck-Billed Undine','Palantir-as-you-go','1','2','2','2'),('Golfer','Water Wand','3','1','1','3'),('Golfer','Field Glasses','2','1','1','2'),('Duck-Billed Toad','Sheet of Paper','2','2','2','4'),('Duck-Billed Toad','Piece of Chalk','1','2','2','2'),('Pinata in a Tree','Clean Bandage','1','1','1','1'),('Pinata in a Tree','Huge Fire Cracker','1','1','1','1'),('Golfer','Can of Worms','1','1','1','1'),('Golfer','Copy of \"It\"s Raining Men\"','1','1','1','1'),('Rabbit','Exotic Cocktail','1','1','1','1'),('GNU','Sacrificial Sword','1','1','1','1'),('Small Earth Dragon','Dragon Blood','1','1','1','1'),('Cute Seal','Seal Pelt','5','1','1','5'),('Cute Seal','Gold Piece','5','108','30','296'),('Cute Seal','Magic Emerald','1','1','1','1'),('Cute Seal','different items','15','3','3','12'),('Cute Seal','Water Stone','1','1','1','1'),('Cute Seal','Air Talisman','1','1','1','1'),('Origami Ogre','Night Stick','1','1','1','1'),('Duck-Billed Undine','Fire Cracker','2','2','2','4'),('Thunder Bird','Air Wand','1','1','1','1'),('Thunder Bird','Gold Piece','7','131','21','349'),('Thunder Bird','Feather','7','5','5','35'),('Thunder Bird','different items','24','4','3','21'),('Fire Fox','Dibs Wand','1','1','1','1'),('Khadi','Mug of Coffee (decaf)','1','2','2','2'),('Jason','Short Bow','1','1','1','1'),('Jason','Short Sword','1','1','1','1'),('Khadi','Mug of Coffee (proper)','4','2','1','5'),('Khadi','Putter','1','1','1','1'),('Khadi','Breakfast Club','1','1','1','1'),('Asbo','Vault Talisman','1','1','1','1'),('Asbo','Earth Talisman','1','1','1','1'),('Asbo','Vorpal Blade','1','1','1','1'),('Asbo','Fire Talisman','1','1','1','1'),('Asbo','Empty Mug','1','1','1','1'),('Asbo','Water Stone','1','2','2','2'),('Asbo','Summon Stone','1','1','1','1'),('Asbo','Skip North Spell','1','1','1','1'),('Earth Worm','Sheet of Paper','1','1','1','1'),('Skippy','Gold Piece','1','26','26','26'),('Skippy','Illumination Spell','1','1','1','1'),('Skippy','Morning Star','1','1','1','1'),('Skippy','different items','3','3','3',''),('Toad','Rusty Sword','2','1','1','2'),('Toad','Fire Talisman','1','1','1','1'),('Toad','Clean Bandage','1','1','1','1'),('Glow Worm','Fire Cracker','1','1','1','1'),('Mud Man','Lance','1','1','1','1'),('Golfer','Air Talisman','2','1','1','2'),('Golfer','Plowshare','1','1','1','1'),('Golfer','Limbo Talisman','1','1','1','1'),('Golfer','Earth Talisman','2','1','1','2'),('Golfer','Reznor Blade','2','1','1','2'),('Golfer','Copy of Farmer in the Sky','1','1','1','1'),('Mud Man','Fire Knife','1','1','1','1'),('Golfer','Badge','2','1','1','2'),('Bull','Palantir-as-you-go','1','1','1','1'),('Angel','Pair of Scissors','1','1','1','1'),('Angel','Air Talisman','1','1','1','1'),('Angel','D12','1','1','1','1'),('Angel','Morning Star','1','1','1','1'),('GNU','Accordion','1','1','1','1'),('ROU.S..','Gold Piece','15','120','20','646'),('ROU.S..','Water Wand','1','1','1','1'),('ROU.S..','different items','47','4','0','45'),('ROU.S..','Copy of \"It\"s Raining Men\"','3','1','1','3'),('ROU.S..','Copy of \"Man! I Feel Like A Woman!\"','1','1','1','1'),('ROU.S..','Sheet of Paper','1','2','2','2'),('ROU.S..','Sharp Sword','3','1','1','3'),('ROU.S..','Cruel Blade','3','1','1','3'),('ROU.S..','Clock of Invisibility','1','1','1','1'),('Mud Man','Cruel Blade','1','1','1','1'),('ROU.S..','Badge','1','1','1','1'),('ROU.S..','Air Talisman','1','1','1','1'),('ROU.S..','Small Map','1','1','1','1'),('ROU.S..','Earth Knife','1','1','1','1'),('ROU.S..','Cloak of Invisibility','2','1','1','2'),('ROU.S..','Wand of Anger','1','1','1','1'),('ROU.S..','Become Earth Spell','1','1','1','1'),('ROU.S..','Ruby Slipper','1','1','1','1'),('ROU.S..','Major Healing Spell','1','1','1','1'),('ROU.S..','Lance','1','1','1','1'),('ROU.S..','Vault Permit','2','1','1','2'),('ROU.S..','Night Stick','1','1','1','1'),('Mud Man','Water Wand','1','1','1','1'),('ROU.S..','Fleeting Strength Spell','1','1','1','1'),('ROU.S..','Fire Knife','1','1','1','1'),('Aurora Boreanaz','Gold Piece','5','104','14','240'),('Aurora Boreanaz','Can of Worms','2','1','1','2'),('Aurora Boreanaz','different items','11','4','1','9'),('Mink','Pair of Scissors','1','1','1','1'),('Mink','Fountain Pen','1','1','1','1'),('Mink','Sheet of Paper','1','1','1','1'),('Lemming','Air Talisman','1','1','1','1'),('Lemming','Palantir-as-you-go','1','5','5','5'),('Lemming','Contract Palantir','1','1','1','1'),('Lemming','Field Glasses','1','1','1','1'),('Lemming','Gold Piece','2','281','211','492'),('Lemming','Earth Stone','1','1','1','1'),('Lemming','different items','11','6','5','5'),('Aurora Borealis','Card: Judgement','1','1','1','1'),('Aurora Borealis','Cocktail Stick','1','1','1','1'),('Tauntaun','Gold Piece','6','62','16','175'),('Tauntaun','Can of Worms','1','1','1','1'),('Tauntaun','Magic Ball','1','1','1','1'),('Tauntaun','different items','14','3','1','11'),('Sparrow','Pair of Knitting Needles','2','1','1','2'),('Sparrow','Pocket Watch','1','1','1','1'),('Sparrow','Sheet of Paper','1','1','1','1'),('Small Scissor Beast','Mug of Coffee','3','1','1','3'),('Small Scissor Beast','Gold Piece','4','108','46','285'),('Small Scissor Beast','Spikey Ninja Throwing Star','1','1','1','1'),('Small Scissor Beast','different items','9','3','2','6'),('Eagle','Water Stone','1','1','1','1'),('Eagle','Earth Wand','1','1','1','1'),('Eagle','Fire Talisman','1','1','1','1'),('Eagle','Palantir-as-you-go','1','2','2','2'),('GNU','Card: The Emperor','1','1','1','1'),('Triffid','Card: The Hermit','1','1','1','1'),('Crocodile','Water Talisman','1','1','1','1'),('Crocodile','Sacrificial Sword','1','1','1','1'),('Crocodile','Pocket Watch','1','1','1','1'),('Eagle','Mug of Coffee','1','3','3','3'),('Eagle','Sorting Office Pass','1','1','1','1'),('Eagle','Distaff','1','1','1','1'),('Eagle','Set of Water Wings','1','1','1','1'),('Eagle','Sextant','1','1','1','1'),('Eagle','Sword of Omens','1','1','1','1'),('Eagle','Rusty Sword','1','1','1','1'),('Thunder Bird','Broad Sword','1','1','1','1'),('Thunder Bird','Air Stone','1','1','1','1'),('Crocodile','Palantir-as-you-go','1','1','1','1'),('Thunder Bird','Magic Opal','1','1','1','1'),('Thunder Bird','Water Wand','1','1','1','1'),('Earth Worm','Pair of Tongs','1','1','1','1'),('Toad','Sheet of Paper','1','1','1','1'),('Manatee','Copy of \"Vogue\"','1','1','1','1'),('Manatee','Harpoon','1','1','1','1'),('Manatee','Magic-Good','1','1','1','1'),('Manatee','different items','3','3','3',''),('Duck-Billed Glow Worm','Palantir-as-you-go','1','2','2','2'),('Duck-Billed Esquilax','Rusty Sword','1','2','2','2'),('Ice Warrior','Wand of Anger','1','1','1','1'),('Golfer','Contract Palantir','1','1','1','1'),('Small Scissor Beast','D20','1','2','2','2'),('Tauntaun','Bottle of Kahlua','1','1','1','1'),('Golfer','Earth Knife','1','1','1','1'),('Golfer','Air Wand','2','1','1','2'),('Golfer','Clean Bandage','3','3','1','5'),('Golfer','Morning Star','1','1','1','1'),('Golfer','Earth Wand','1','1','1','1'),('Parrot (when attacked with a fish)','Earth Knife','1','1','1','1'),('Parrot (when attacked with a fish)','Wand of Illusion','1','1','1','1'),('Parrot (when attacked with a fish)','Gold Piece','2','1','1','2'),('Parrot (when attacked with a fish)','Cruel Blade','1','1','1','1'),('Parrot (when attacked with a fish)','Big Piece of Chalk','1','1','1','1'),('Parrot (when attacked with a fish)','Earth Wand','1','1','1','1'),('Parrot (when attacked with a fish)','Clean Bandage','1','1','1','1'),('Parrot (when attacked with a fish)','different items','13','7','1','6'),('Duck-Billed Toad','Mug of Coffee','1','2','2','2'),('Parrot (when attacked with a fish)','Ruby Slipper','1','1','1','1'),('Khadi','Air Wand','2','1','1','2'),('Khadi','Pair of Firefly Trainers','1','1','1','1'),('Khadi','Sheet of Paper','1','3','3','3'),('Khadi','Air Stone','1','1','1','1'),('Khadi','Water Talisman','1','1','1','1'),('Khadi','Set of Water Wings','1','1','1','1'),('Aurora Boreanaz','Dibs Wand','1','1','1','1'),('Aurora Boreanaz','Clean Bandage','1','1','1','1'),('Aurora Borealis','Dibs Wand','1','1','1','1'),('Aurora Boreanaz','Mug of Coffee (proper)','1','3','3','3'),('Aurora Borealis','Spikey Ninja Throwing Star','1','4','4','4'),('Aurora Borealis','Breakfast Bar','1','1','1','1'),('Fire Fox','Piece of Chalk','1','3','3','3'),('Aurora Borealis','Bull Whip','1','1','1','1'),('Nodule','Mana','4','2','1','6'),('Nodule','different items','4','1','1','3'),('Tauntaun','Single to Oz','1','1','1','1'),('Tauntaun','Snowball','1','1','1','1'),('Llama','Water Stone','1','1','1','1'),('Llama','Mug of Coffee','1','1','1','1'),('Llama','Sheet of Paper','1','2','2','2'),('Llama','D20','1','1','1','1'),('Llama','Glass Sword','1','1','1','1'),('Llama','Spikey Ninja Throwing Star','1','4','4','4'),('Bear','Calendar','1','1','1','1'),('Bear','Spikey Ninja Throwing Star','1','7','7','7'),('ROU.S..','Copy of \"Like I Love You\"','1','1','1','1'),('ROU.S..','Copy of Have Space Suit - Will Travel','1','1','1','1'),('ROU.S..','Pair of Firefly Trainers','1','1','1','1'),('Mud Man','Wand of Anger','1','1','1','1'),('Mud Man','Set of Water Wings','1','1','1','1'),('Parrot (when attacked with a fish)','Amp','1','1','1','1'),('Parrot (when attacked with a fish)','Card: Justice','1','1','1','1'),('Parrot (when attacked with a fish)','Winged Boot','1','1','1','1'),('Parrot (when attacked with a fish)','Air Stone','1','1','1','1'),('Khadi','Can of Worms','1','1','1','1'),('Golfer','Fire Wand','3','1','1','3'),('Golfer','Big Piece of Chalk','1','1','1','1'),('Golfer','Walking Stick','1','1','1','1'),('Mud Man','Pair of Bunny Ears','1','1','1','1'),('Golfer','Pair of Firefly Trainers','1','1','1','1'),('Golfer','Harmonica','1','1','1','1'),('Golfer','Copy of \"I Will Survive\"','1','1','1','1'),('Golfer','Copy of Sixth Column','1','1','1','1'),('Mud Man','Water Stone','1','1','1','1'),('Mud Man','Night Club','1','1','1','1'),('Golfer','Night Stick','1','1','1','1'),('Golfer','Night Club','1','1','1','1'),('Khadi','Dibs Wand','1','1','1','1'),('Golfer','Pair of Pointy Boots','1','1','1','1'),('Golfer','Fire Stone','1','1','1','1'),('Golfer','Map','3','1','1','3'),('Mud Man','Sharp Sword','1','1','1','1'),('Golfer','Water Stone','1','1','1','1'),('Golfer','Card: The Hanged Man','1','1','1','1'),('Mud Man','Copy of \"Love at First Sight\"','1','1','1','1'),('Sylph','Fire Cracker','1','1','1','1'),('Golfer','Cloak of Invisibility','3','1','1','3'),('Golfer','Copy of \"I\"m Still Standing\"','1','1','1','1'),('Gnome','Spikey Ninja Throwing Star','18','2','2','36'),('Gnome','Set of Water Wings','1','1','1','1'),('Golfer','Set of Water Wings','1','1','1','1'),('Aurora Boreanaz','Wand of Anger','1','1','1','1'),('Gnome','Fire Cracker','4','1','1','4'),('Gnome','Clean Bandage','2','1','1','2'),('Gnome','Copy of \"Diamonds Are Forever\"','1','1','1','1'),('Wolf','Mug of Coffee','1','1','1','1'),('Eagle','D4','1','1','1','1'),('Eagle','Fire Cracker','1','4','4','4'),('Eagle','Emerald Athame','1','1','1','1'),('Gnome','Palantir-as-you-go','1','1','1','1'),('Gnome','Piece of Red Chalk','1','1','1','1'),('Gnome','Rusty Sword','1','1','1','1'),('Triffid','Mug of Coffee','1','3','3','3'),('Bull','Sacrificial Dagger','1','1','1','1'),('Bull','Set of Water Wings','1','1','1','1'),('Bull','Water Wand','1','1','1','1'),('Thunder Bird','Map','1','1','1','1'),('Parrot','Stone','1','1','1','1'),('Parrot','Spikey Ninja Throwing Star','1','2','2','2'),('Gnome','Sextant','1','1','1','1'),('Gnome','Pocket Watch','1','1','1','1'),('Glow Worm','Stone','1','1','1','1'),('Glow Worm','Short String','1','1','1','1'),('Toad','Calendar','1','1','1','1'),('small n0rx','Gold Piece','1','31','31','31'),('small n0rx','Spikey Ninja Throwing Star','1','2','2','2'),('small n0rx','different items','2','2','2',''),('GNU','Clean Bandage','1','3','3','3'),('Penguin','Water Talisman','2','1','1','2'),('Penguin','Can of Red Bull','1','1','1','1'),('Penguin','Clinic Invite','1','1','1','1'),('Crocodile','Copy of Time for the Stars','1','1','1','1'),('Crocodile','Morning Star','1','1','1','1'),('Crocodile','Empty Mug','1','1','1','1'),('Young Rock Troll','Glass Sword','1','1','1','1'),('Ice Warrior','Minor Healing Spell','1','1','1','1'),('King Penguin','Fiddle','1','1','1','1'),('King Penguin','Reznor Blade','1','1','1','1'),('King Penguin','Snowball','1','1','1','1'),('Tauntaun','Copy of \"Y.M.C.A.\"','1','1','1','1'),('Tauntaun','Night Stick','1','1','1','1'),('Bull','Card: Death','1','1','1','1'),('Bull','Water Talisman','1','1','1','1'),('Triffid','Fire Stone','1','1','1','1'),('Cute Seal','Fiddle','1','1','1','1'),('Cute Seal','Spikey Ninja Throwing Star','1','3','3','3'),('Roc','Fire Knife','1','1','1','1'),('Roc','Wizards Retreat Spell','1','1','1','1'),('GNU','Dibs Wand','1','1','1','1'),('Penguin','Earth Wand','1','1','1','1'),('Parrot','Fire Cracker','1','1','1','1'),('Lion','Fire Cracker','2','3','1','4'),('Lion','Clean Bandage','1','1','1','1'),('Treasure Chest','Mystic Aim Spell','1','1','1','1'),('Treasure Chest','Gold Piece','3','21000','3000','27000'),('Treasure Chest','Bling Bling','1','1','1','1'),('Treasure Chest','Bottle of Rum','3','1','1','3'),('Treasure Chest','different items','14','5','4','10'),('Penguin','Fire Wand','1','1','1','1'),('Fire Fox','Sword of Omens','2','1','1','2'),('GNU','Mug of Coffee (decaf)','1','2','2','2'),('Pheonix','Mug of Coffee (decaf)','1','3','3','3'),('Fire Fox','Reznor Blade','1','1','1','1'),('Bat','Earth Stone','1','1','1','1'),('Bat','Mug of Coffee (decaf)','1','1','1','1'),('Treasure Chest','Disguise Kit','1','1','1','1'),('Treasure Chest','Mirror','1','1','1','1'),('Treasure Chest','Sun Stone Bling','1','1','1','1'),('Lion','Contract Palantir','1','1','1','1'),('Lion','Small Map','2','1','1','2'),('Lion','Rusty Sword','1','1','1','1'),('Treasure Chest','Copy of \"Vogue\"','1','1','1','1'),('Treasure Chest','Vitality Spell','1','1','1','1'),('Treasure Chest','Diamond Bling','1','1','1','1'),('Koala','Darken Spell','1','1','1','1'),('Koala','Morning Star','1','1','1','1'),('Killer Koala','Water Bomb Spell','2','1','1','2'),('Killer Koala','Astral Plain Spell','1','1','1','1'),('Coca-Koala','Night Club','1','1','1','1'),('Coca-Koala','Fire-Ball Spell','1','1','1','1'),('Killer Koala','Killing Blow Spell','2','1','1','2'),('Killer Koala','Map','1','1','1','1'),('Killer Koala','Impending Slap Spell','1','1','1','1'),('Killer Koala','Darken Spell','1','1','1','1'),('Killer Koala','Wand of Illusion','1','1','1','1'),('Killer Koala','Spikey Ninja Throwing Star','2','6','3','9'),('Killer Koala','Become Earth Spell','1','1','1','1'),('Killer Koala','Breakfast Club','1','1','1','1'),('Killer Koala','First Aid Spell','1','1','1','1'),('Killer Koala','Hop East Spell','1','1','1','1'),('Killer Koala','Clean Bandage','1','1','1','1'),('Pheonix','Bow','1','1','1','1'),('Undine','Palantir-as-you-go','1','1','1','1'),('GNU','Breakfast Bar','1','1','1','1'),('Bull','Knife','1','1','1','1'),('Bull','Can of Worms','1','1','1','1'),('Thunder Bird','Contract Palantir','1','1','1','1'),('Gull','Sheet of Paper','1','1','1','1'),('Gull','Gold Piece','1','54','54','54'),('Gull','Exotic Cocktail','1','1','1','1'),('Gull','Clean Bandage','1','1','1','1'),('Gull','different items','4','4','4',''),('Cow','Spikey Ninja Throwing Star','1','1','1','1'),('Cow','different items','1','1','0','0'),('Golfer','Daemonic Letter Opener','2','1','1','2'),('Golfer','Fire Talisman','1','1','1','1'),('Golfer','Card: The Wheel of Fortune','1','1','1','1'),('Sheep','Piece of Mutton','2','1','1','2'),('Sheep','Sheep Eye','1','1','1','1'),('Khadi','Copy of \"Love at First Sight\"','1','1','1','1'),('Fire Fox','Cloak of Invisibility','1','1','1','1'),('Small Water Dragon','Dragon Blood','1','1','1','1'),('Fire Fox','Card: The World','1','1','1','1'),('Golfer','Dose of Magic Powder','1','2','2','2'),('Golfer','Sacrificial Sword','1','1','1','1'),('Small Water Dragon','Breakfast Club','1','1','1','1'),('Fire Fox','Mug of Coffee','1','3','3','3'),('Fire Fox','Badge','1','1','1','1'),('Pheonix','Mining Permit','1','1','1','1'),('Pheonix','Cocktail Stick','1','1','1','1'),('Rabbit','Rabbit Foot','1','1','1','1'),('Lion','Magic Bean','1','2','2','2'),('Duck-Billed Undine','Sorting Office Pass','1','2','2','2'),('Duck-Billed Undine','Rusty Sword','1','2','2','2'),('Thunder Bird','Bow','1','1','1','1'),('Thunder Bird','Night Stick','1','1','1','1'),('Thunder Bird','Palantir-as-you-go','1','5','5','5'),('Eagle','Night Stick','1','1','1','1'),('GNU','Walking Stick','1','1','1','1'),('Omar the Troll','Copy of \"Girls Just Want to Have Fun\"','1','1','1','1'),('Omar the Troll','Gold Piece','1','44','44','44'),('Omar the Troll','different items','2','2','2',''),('Penguin','Short Sword','1','1','1','1'),('Lion','Fountain Pen','1','1','1','1'),('Tundra Troll','Gold Piece','2','58','27','85'),('Tundra Troll','Reznor Blade','1','1','1','1'),('Tundra Troll','different items','6','4','2','4'),('Tauntaun','Wand of Illusion','1','1','1','1'),('Tundra Troll','Long Bow','1','1','1','1'),('Tundra Troll','Bow','1','1','1','1'),('Tundra Troll','Snowball','1','1','1','1'),('Aurora Borealis','Copy of \"Y.M.C.A.\"','1','1','1','1'),('Aurora Borealis','Sacrificial Sword','1','1','1','1'),('Aurora Borealis','Magic Ruby','1','1','1','1'),('Lemming','Mug of Coffee (proper)','1','1','1','1'),('Lemming','Earth Talisman','1','1','1','1'),('Lemming','Fire Stone','1','1','1','1'),('Lemming','Small Map','1','1','1','1'),('Badger','Mug of Coffee (proper)','1','1','1','1'),('Badger','Fire Knife','1','1','1','1'),('Badger','Gold Piece','1','27','27','27'),('Badger','Mushroom','1','2','2','2'),('Badger','different items','4','4','4',''),('Mink','Wand of Illusion','1','1','1','1'),('Mink','Palantir-as-you-go','1','1','1','1'),('Mink','D8','1','1','1','1');

DROP TABLE IF EXISTS `monster_kills`;

CREATE TABLE `monster_kills` (
  `monster` varchar(100) default NULL,
  `count` int(11) default NULL
) ENGINE=MyISAM DEFAULT CHARSET=latin1;

INSERT INTO `monster_kills` VALUES ('Rat','1'),('Earth Worm','33'),('Duck-Billed Gnome','1'),('Duck-Billed Undine','10'),('Sparrow','16'),('Duck','24'),('Ghost','1'),('Pheonix','8'),('Small Water Dragon','3'),('GNU','20'),('Triffid','11'),('Young Rock Troll','2'),('Node','2'),('Duck-Billed Esquilax','2'),('Koala','17'),('Duck-Billed Duck','20'),('Jabberwock','6'),('Killer Koala','14'),('Pinata in a Tree','7'),('Duck-Billed Toad','28'),('Bull','8'),('Angel','2'),('Penguin','13'),('Eagle','9'),('Origami Ogre','3'),('Roc','13'),('Crocodile','12'),('Lion','5'),('Gorgan','2'),('Rock Troll','1'),('Captain No Beard (5 Cannon)','1'),('Coca-Koala','3'),('Mother','3'),('Asbo','3'),('Duck-Billed Sylph','1'),('Duck-Billed Glow Worm','9'),('Duck-Billed Wolf','1'),('Golfer','100'),('Khadi','26'),('Jason','3'),('Treeman','3'),('Leprechaun','1'),('Bat','8'),('Squirrel','3'),('Llama','2'),('Soldier Ant','9'),('Scissor Beast','3'),('Bee','3'),('Ice Warrior','4'),('King Penguin','3'),('Fire Fox','11'),('Chicken','7'),('Goth','1'),('Bear','3'),('Sylph','3'),('Gnome','21'),('Small Paper Mache Golem','2'),('Wolf','3'),('Undine','5'),('Lost Spirit','3'),('Glow Worm','32'),('Esquilax','4'),('Toad','35'),('Rabbit','13'),('Polar Bear','1'),('Mud Man','15'),('Small Earth Dragon','3'),('Duck-Billed Sparrow','12'),('Sister','1'),('Duck-Billed Salamander','2'),('Mink','7'),('Aurora Borealis','9'),('perky n0rx','1'),('Parrot','3'),('Sheep','7'),('Cute Seal','5'),('Thunder Bird','7'),('Skippy','1'),('ROU.S..','37'),('Aurora Boreanaz','5'),('Lemming','2'),('Tauntaun','6'),('Small Scissor Beast','4'),('Manatee','1'),('Parrot (when attacked with a fish)','3'),('Nodule','4'),('small n0rx','1'),('Treasure Chest','3'),('Gull','1'),('Cow','3'),('Omar the Troll','1'),('Tundra Troll','2'),('Badger','1');

DROP TABLE IF EXISTS `searching`;

CREATE TABLE `searching` (
  `terrain` varchar(40) default NULL,
  `item` varchar(60) default NULL,
  `count` int(11) default NULL
) ENGINE=MyISAM DEFAULT CHARSET=latin1;

INSERT INTO `searching` VALUES ('Kansas Store Room','Fork','1'),('Ruin','Magic Bean','2');

DROP TABLE IF EXISTS `validation`;

CREATE TABLE `validation` (
  `id_key` varchar(40) default NULL,
  `count` int(11) default NULL
) ENGINE=MyISAM DEFAULT CHARSET=latin1;

INSERT INTO `validation` VALUES ('I am not a key.  Really.  Look elsewhere',''),('Nyartholep','12'),('There is absolutely no Cabal',''),('38Aliens20Are40Eating29My576Socks',''),('40Why27Are63Tomatoes76Bad4',''),('235There435Is4Absolutely5No46Cabal',''),('36Do66Not38Watch62Zardoz16The9Movie','13'),('ItIsDarkHereYouAreAboutToBeEatenByAGrue',''),('OfCourseIts285SafeTheresUndead395InHere',''),('SleepIsTheTime26KillerIWill10NotSleep',''),('WhoNeedsSleepWellYoureNeverGonnaGetIt',''),('KillingInnocentMonstersForFunAndProfit',''),('DidISay24OverlordsIMeantProtectors3',''),('ImNotLostImJust....OkayImLost.Help',''),('GiantMetalSantaClausWithGlowingRedEyes',''),('AbracadabraHocusPocus2Xyzzy7Plugh9Yoho',''),('DownWithBigBrotherUpWithAnimalFarm',''),('HowMany85SnarfsWould42ASnarferSnarf',''),('ImA27Little06Teapot7Short88And98Stout',''),('Nobody3Expects7The0Spanish2Inquisition',''),('Ascended4Beings8Are9Absolutely3No5Help','72'),('WhenYouLookAtAnAbyssTheAbyssWantsCookies',''),('Libraries2AreCausingThe9CorruptionOfAll',''),('TimeIs4AnIllusion8Password1TimeDoublySo','');

DROP TABLE IF EXISTS `weapon_break`;

CREATE TABLE `weapon_break` (
  `item` varchar(100) default NULL,
  `breaks` int(11) default NULL,
  `count` int(11) default NULL
) ENGINE=MyISAM DEFAULT CHARSET=latin1;

INSERT INTO `weapon_break` VALUES ('Cruel Blade','12','1095'),('Bucket','0','89'),('Daemonic Great Sword','0','452'),('Earth Wand','0','628'),('Sacrificial Dagger','0','43'),('Daemonic Chain Saw','0','513'),('Rusty Sword','52','629'),('Stone','0','45'),('Air Wand','0','293'),('Cod','0','1'),('Water Wand','0','354'),('Sheaf of Wheat','0','9'),('Phaser','0','600'),('Fists','0','571'),('Lance','15','36'),('Daemonic Sword','0','14'),('2 Iron','1','1'),('Breakfast Club','0','54'),('Spirit Sword','0','13'),('Vorpal Blade','5','103'),('Pair of Scissors','4','384'),('Fire Wand','0','223'),('Spear of Odin','0','269'),('Fire Stone','9','731'),('Snark in a Sack','0','72'),('Air Sword','2','761'),('Sacrificial Sword','21','1151'),('Merz Bow','2','46'),('Bow','11','1530'),('Shaky Flake','1','1'),('Stone Fist','0','170'),('Walking Stick','0','55'),('Book','0','1'),('B.B. Gun','3','179'),('A bit put-out Bow','1','388'),('Big Map','0','1'),('Annoyed Bow','0','44'),('Fire Sword','0','40'),('Caravel Cannon','0','96'),('Nasty Blow','0','45'),('Pointy Stick','5','44'),('Light Sabre','0','14'),('Earth Knife','1','29'),('Daemonic Letter Opener','0','24'),('Daemonic Knife','0','44'),('Dibs Wand','0','1'),('Water Knife','0','20'),('Sharp Sword','0','153'),('Air Knife','1','44'),('Wand of Anger','0','415'),('Head of the Gorgan','3','8'),('Angry Bow','0','26'),('Cross Bow','0','19'),('Copper Axe','0','19'),('Catana','0','7'),('Water Sword','0','106'),('Piece of Wood','1','1'),('7 Iron','4','4'),('Broad Sword','0','13'),('Fire Catana','1','185'),('Fire Punch','0','80'),('Eel','0','1'),('Night Club','0','3'),('Bull Whip','0','30'),('Water Stone','0','13'),('Contract Palantir','1','1'),('D6','0','6'),('Pokey Stick','1','1'),('Fire Ball','0','21'),('Golden Gun','3','14'),('Can of Lager','0','2'),('Rainbow Blade','0','2'),('Fire Knife','0','58'),('Map','0','1'),('Earth Catana','0','1'),('Putter','3','3'),('glass sword shatters!','2','2'),('6 Iron','1','1'),('Earth Stone','0','8'),('Blowtorch','0','13'),('Daemonic Dagger','0','35'),('Air Stone','1','22'),('Sack','0','2'),('Sword of Omens','0','17'),('Marakata','0','10'),('Fire Talisman','0','1'),('Wet Slap','0','38'),('8 Iron','12','12'),('Sun Stone','0','2'),('Hammer of Thor','0','25'),('Spikey Ninja Throwing Star','1','187'),('Fiddle','0','4'),('Sheet of Paper','2','64'),('+1 Really Huge Sword','0','11'),('Crowbar','0','1'),('Fire Cracker','0','1'),('Arrow','0','3'),('Morning Star','0','1'),('Short Bow','0','5'),('Singing Sword','0','1'),('Rock','0','1'),('Painful Punch','0','1'),('Dimmed Light Sabre','0','7'),('Bag','0','1'),('Opal Bling','0','1'),('3 Iron','1','1'),('Palantir-as-you-go','1','1'),('Clean Bandage','0','2'),('Fiddle x 23','0','1'),('Coloured Scarf','0','2'),('Calendar','0','1'),('Long Bow','0','3'),('Anti-Hista','0','1'),('Unit of Sand','0','11'),('Pair of Magic Boots','0','1'),('Lion Fish','0','1'),('Impending Kick Spell','0','1'),('Impending Kick','0','2'),('Small Map','0','1'),('Baby GlowWorm','0','3'),('Feather','0','26'),('Spatula','0','5'),('Dawn Horn','0','3');

DROP TABLE IF EXISTS `wood_gathering`;

CREATE TABLE `wood_gathering` (
  `terrain` varchar(50) default NULL,
  `item` varchar(30) default NULL,
  `count` int(11) default NULL
) ENGINE=MyISAM DEFAULT CHARSET=latin1;

INSERT INTO `wood_gathering` VALUES ('Wizard Retreat Jungle Gathering 30','Orange','2'),('Wizard Retreat Jungle Gathering 3','Coconut','1'),('Forest Gathering 3','Acorn','1'),('Jungle Gathering 3','Lime','1'),('Wizard Retreat Jungle Gathering 30','Coconut','1'),('Wizard Retreat Jungle Gathering 30','Lime','2'),('Jungle Gathering 30','Lime','5'),('Wizard Retreat Jungle Gathering 30','Pineapple','5'),('Wizard Retreat Jungle Gathering 30','Pomegranate','4'),('Jungle Gathering 30','Orange','1'),('Forest Gathering 30','Acorn','34');

